type,url
Tier 1,https://lakhaipur.in/shop/
Tier 1,https://lakhaipur.in/contact/
Tier 1,https://lakhaipur.in/cart/
Tier 1,https://lakhaipur.in/product/dirghayu-capsule/
Tier 1,https://lakhaipur.in/product-category/books/
Tier 1,https://electricistas-24horas.pt/eletricista-braga/
Tier 1,https://electricistas-24horas.pt/eletricista-amares/
Tier 1,https://electricistas-24horas.pt/eletricista-barcelos/
Tier 1,https://electricistas-24horas.pt/eletricista-esposende/
Tier 1,https://electricistas-24horas.pt/eletricista-guimaraes/
Tier 1,
Tier 1,
Tier 1,http://dpsmohali.com/Default.aspx
Tier 1,http://dpsmohali.com/school-profile.aspx
Tier 1,http://dpsmohali.com/about-society.aspx
Tier 1,http://dpsmohali.com/mandatory-public-closure.aspx
Tier 1,http://dpsmohali.com/details-of-teaching-staff.aspx
Tier 1,
Tier 1,
Tier 1,https://hitbonenut.net/archives/25061
Tier 1,https://hitbonenut.net/archives/8069
Tier 1,https://hitbonenut.net/archives/25670
Tier 1,https://hitbonenut.net/archives/38411
Tier 1,https://hitbonenut.net/archives/36817
Tier 1,
Tier 1,http://dih-narave.si/clanki/
Tier 1,http://dih-narave.si/ponudba/
Tier 1,https://dih-narave.si/moj-racun/izgubljeno-geslo/
Tier 2,http://dih-narave.si/kosarica/
Tier 2,https://dih-narave.si/razkuzilo-iz-petih-sestavin-ki-ga-lahko-sami-pripravimo-doma/
Tier 2,
Tier 2,
Tier 2,https://kimnguyen.edu.vn/cart/
Tier 2,https://kimnguyen.edu.vn/my-account/
Tier 2,https://kimnguyen.edu.vn/cac-khoa-hoc/
Tier 2,https://kimnguyen.edu.vn/tn-blouse/
Tier 2,https://kimnguyen.edu.vn/wp-content/uploads/2024/11/091954421f5ba705fe4a.jpg
Tier 2,
Tier 2,
Tier 2,
Tier 2,https://giannichiarello.com/free-online-guitar-lessons/
Tier 2,https://giannichiarello.com/shop/
Tier 2,https://giannichiarello.com/pictures/
Tier 2,https://giannichiarello.com/videos-2/
Tier 2,https://giannichiarello.com/lessons/
Tier 2,
Tier 2,
Tier 2,https://healthycities.site/about-healthy-cities-tutoring/
Tier 2,https://healthycities.site/becoming-a-tutor-questions-and-answers/
Tier 2,https://healthycities.site/donate-2/
Tier 2,https://healthycities.site/news/
Tier 2,https://healthycities.site/tutor-corner/
Tier 2,
Tier 2,
Tier 2,https://metehanyilmaz.com.tr/hakkimizda/
Tier 2,https://metehanyilmaz.com.tr/kariyer/
Tier 2,https://metehanyilmaz.com.tr/dijital-pazarlama-trendleri-ve-istatistikleri/
Tier 2,https://metehanyilmaz.com.tr/roi-ve-roas-nedir-nasil-hesaplanir/
Tier 2,https://metehanyilmaz.com.tr/google-reklam/
Tier 2,
Tier 2,
Tier 2,https://lorneschwaier.com/product/qr-code/
Tier 2,https://lorneschwaier.com/product-category/digital-services/
Tier 2,https://lorneschwaier.com/my-account/
Tier 2,https://lorneschwaier.com/contacts/
Tier 2,https://lorneschwaier.com/product/website-development/
Tier 2,
Tier 2,
Tier 2,https://caofla.com/our-mission/
Tier 2,https://caofla.com/our-core-values/
Tier 2,https://caofla.com/statement-of-faith/
Tier 2,https://caofla.com/testimonials/
Tier 2,https://caofla.com/faculty-and-staff/
Tier 2,
Tier 2,
Tier 2,https://churchataddis.com/about-us-2/
Tier 2,https://churchataddis.com/our-leadership/
Tier 2,https://churchataddis.com/kids/
Tier 2,https://churchataddis.com/students/
Tier 2,https://churchataddis.com/connect/
Tier 2,
Tier 2,
Tier 2,https://brhanza.pl/o-nas/
Tier 2,https://brhanza.pl/oferta/
Tier 2,https://brhanza.pl/kontakt/
Tier 2,http://brhanza.pl/index.php/hire-us/
Tier 2,
Tier 2,
Tier 2,https://taxi-job.ru/zakaz-taksi/
Tier 2,https://taxi-job.ru/category/vakansii/
Tier 2,https://taxi-job.ru/category/novosti/
Tier 2,https://taxi-job.ru/category/arenda-avto/
Tier 2,https://taxi-job.ru/contact/
Tier 2,
Tier 2,
Tier 2,http://goutzilla.net/
Tier 2,
Tier 2,http://onein3boston.com/
Tier 2,http://onein3boston.com/about-2/
Tier 2,http://onein3boston.com/onein3-blog/
Tier 2,http://onein3boston.com/onein3-council/
Tier 2,http://onein3boston.com/resources/
Tier 2,http://onein3boston.com/live-in-boston/
,
Tier 3,http://peekaboophotobooth.com/
Tier 3,http://peekaboophotobooth.com/options/
Tier 3,http://peekaboophotobooth.com/photo-booths/
Tier 3,http://peekaboophotobooth.com/open-air-photo-booth-rentals/
Tier 3,http://peekaboophotobooth.com/locations/
Tier 3,http://peekaboophotobooth.com/faq/
Tier 3,
Tier 3,http://preventionhub.org/
Tier 3,http://preventionhub.org/en/user/register/
Tier 3,http://preventionhub.org/en/user/login_current_petals/
Tier 3,http://preventionhub.org/en/prevention-update/
Tier 3,http://preventionhub.org/en/who-is-who/
Tier 3,http://preventionhub.org/en/practice/
Tier 3,
Tier 3,http://celebrities-with-diseases.com/
Tier 3,http://celebrities-with-diseases.com/celebrities.html
Tier 3,http://celebrities-with-diseases.com/diabetes-2.html
Tier 3,http://celebrities-with-diseases.com/diets.html
Tier 3,http://celebrities-with-diseases.com/health-conditions.html
Tier 3,http://celebrities-with-diseases.com/health-news.html
Tier 3,
Tier 3,http://simandharcpareview.com/
Tier 3,
Tier 3,http://sistersunderpressure.com/
Tier 3,
Tier 3,http://whatacarveup.com/
Tier 3,
Tier 3,http://blacknovember.org/
Tier 3,http://blacknovember.org/road-to-black-november/
Tier 3,http://blacknovember.org/bnc/
Tier 3,http://blacknovember.org/guide/
Tier 3,http://blacknovember.org/gallery/
Tier 3,http://blacknovember.org/mobile-terms-and-conditions/
Tier 3,
Tier 3,http://brainybikelights.com/
Tier 3,http://brainybikelights.com/what-makes-them-brainy/
Tier 3,http://brainybikelights.com/what-makes-them-brainy/brain-wave-1/
Tier 3,http://brainybikelights.com/what-makes-them-brainy/brain-wave-2/
Tier 3,http://brainybikelights.com/what-makes-them-brainy/brain-wave-3/
Tier 3,http://brainybikelights.com/what-makes-them-brainy/brain-wave-4/
Tier 3,
Tier 3,http://tonyprycesports.co.uk/
Tier 3,http://tonyprycesports.co.uk/cookies
Tier 3,http://tonyprycesports.co.uk/help-i96
Tier 3,http://tonyprycesports.co.uk/map
Tier 3,http://tonyprycesports.co.uk/register
Tier 3,http://tonyprycesports.co.uk/wishlist
Tier 3,
Tier 3,http://wheelmencompany.com/
Tier 3,http://wheelmencompany.com/cart/
Tier 3,http://wheelmencompany.com/collections/all-products/
Tier 3,http://wheelmencompany.com/collections/2015-bags/
Tier 3,http://wheelmencompany.com/collections/accessories-home-goods/
Tier 3,http://wheelmencompany.com/collections/w-co/
Tier 3,
Tier 3,
Tier 3,http://slowmuse.com/
Tier 3,
Tier 3,
Tier 3,https://progressive.hr/vijesti/
Tier 3,https://progressive.hr/vijesti-iz-zemlje/
Tier 3,https://progressive.hr/vijesti-iz-svijeta/
Tier 3,https://progressive.hr/intervju/
Tier 3,https://progressive.hr/intervju-mjeseca/
Tier 3,
Tier 3,
Tier 3,https://patakypolo.hu/kollekciok/
Tier 3,https://patakypolo.hu/szolgaltatasok/
Tier 3,https://patakypolo.hu/fiokom/
Tier 3,https://patakypolo.hu/termekkategoria/polok/
Tier 3,https://patakypolo.hu/termekkategoria/polok/ferfi-polok/
Tier 3,
Tier 3,
Tier 3,http://palettepublicitaire.com/cdn-cgi/l/email-protection
Tier 3,http://palettepublicitaire.com/www.palettepublicitaire.com/cookies
Tier 3,
Tier 3,http://www.rideswithdavid.com
Tier 3,
Tier 3,https://allergybeverlyhills.com/dr-michelle-yasharpour/
Tier 3,https://allergybeverlyhills.com/allergies-eczema-asthma/
Tier 3,https://allergybeverlyhills.com/patient-resources/
Tier 3,https://allergybeverlyhills.com/blog/
Tier 3,https://allergybeverlyhills.com/contact-dr-yasharpour/
Tier 3,https://sevenpointcannabis.ca/faq/
Tier 3,https://sevenpointcannabis.ca/about/
Tier 3,https://sevenpointcannabis.ca/toronto-dispensary/
Tier 3,https://sevenpointcannabis.ca/blog/
Tier 3,https://sevenpointcannabis.ca/contact/
Tier 3,http://bostonlgbtfilmfest.org/about/
Tier 4,http://bostonlgbtfilmfest.org/about/history/
Tier 4,http://bostonlgbtfilmfest.org/about/festival-team/
Tier 4,http://bostonlgbtfilmfest.org/about/who-we-are/
Tier 4,http://bostonlgbtfilmfest.org/about/visiting-boston-cambridge/
Tier 4,http://foodbankapp.co.uk/
Tier 4,http://psainath.org/category/rural-india/
Tier 4,http://psainath.org/category/the-agrarian-crisis/
Tier 4,http://psainath.org/category/the-agrarian-crisis/farmer-suicides/
Tier 4,http://psainath.org/category/media/
Tier 4,http://psainath.org/category/media/paid-news/
Tier 4,http://repowerportaugusta.org/civicrm/contribute/transact_reset_1_id_1/
Tier 4,http://repowerportaugusta.org/user/
Tier 4,http://repowerportaugusta.org/user/register/
Tier 4,http://repowerportaugusta.org/thefacts/
Tier 4,http://repowerportaugusta.org/takeaction/
Tier 4,http://draftbeto2020.org/our-team/
Tier 4,http://draftbeto2020.org/volunteer/
Tier 4,https://geofdarrow.com
Tier 4,http://growthengine.blog/
Tier 4,http://icchange.co.uk/take-action/
Tier 4,http://icchange.co.uk/contact/
Tier 4,http://icchange.co.uk/about/
Tier 4,http://icchange.co.uk/istanbul-convention/
Tier 4,http://icchange.co.uk/istanbul-convention/why-do-we-need-it/
Tier 4,http://projectbreaker.org/about/
Tier 4,http://projectbreaker.org/process/
Tier 4,http://projectbreaker.org/breakers2/
Tier 4,http://projectbreaker.org/leads/
Tier 4,http://projectbreaker.org/news/
Tier 4,http://3dfuture.net/get-started/
Tier 4,http://3dfuture.net/our-portfolio-of-3d-interactive-devices/
Tier 4,http://3dfuture.net/completed-3d-models/
Tier 4,http://3dfuture.net/customize-models/
Tier 4,http://3dfuture.net/faq/
Tier 4,https://legendscricket.in
Tier 4,http://livias.co.uk/collections/all
Tier 4,http://livias.co.uk/collections/million-squares
Tier 4,http://livias.co.uk/collections/nugglets
Tier 4,http://livias.co.uk/collections/gifts
Tier 4,http://livias.co.uk/collections/swag